step,loss_D,loss_G,D_real_mean,D_fake_mean,gp
0,-4.48207950592041,2.956636905670166,1.4109325408935547,-3.295684814453125,0.2494865357875824
50,-30.33592414855957,18.02060890197754,18.376941680908203,-17.654462814331055,6.328309059143066
100,-11.940755844116211,16.729454040527344,-4.2522430419921875,-18.047420501708984,2.0604681968688965
150,-9.839500427246094,30.637632369995117,9.606229782104492,-13.54870891571045,14.794930458068848
200,-15.217473983764648,26.975589752197266,3.258512020111084,-20.99921417236328,10.04472541809082
250,-16.017581939697266,29.73349380493164,5.798285484313965,-23.291873931884766,14.525086402893066
300,-14.892861366271973,18.569355010986328,-14.874013900756836,-35.820621490478516,6.726385116577148
350,-12.119833946228027,33.028663635253906,-28.05638885498047,-43.89822006225586,4.135552406311035
400,-15.036139488220215,40.779808044433594,-2.7544984817504883,-32.008216857910156,15.797311782836914
450,-13.663019180297852,36.854591369628906,-26.576990127563477,-44.47868347167969,4.7096381187438965
500,-11.62282657623291,36.67619323730469,-29.261474609375,-43.636878967285156,3.058419704437256
550,-10.87761116027832,38.441978454589844,-27.118972778320312,-41.354522705078125,3.7310426235198975
600,-8.671610832214355,42.54526901245117,-35.096649169921875,-44.91415786743164,1.273220181465149
650,-13.083856582641602,45.529232025146484,-19.63218116760254,-39.763526916503906,7.830543518066406
700,-9.55184555053711,40.530555725097656,-37.13834762573242,-49.515625,3.139368772506714
750,-8.247664451599121,47.7568359375,-42.941741943359375,-53.09789276123047,2.120540142059326
800,-10.251401901245117,51.41108322143555,-21.348304748535156,-45.11071014404297,15.012226104736328
850,-12.19646167755127,48.51752471923828,-34.52138900756836,-50.75152587890625,4.481861591339111
900,-11.989777565002441,57.32212448120117,-26.43243980407715,-47.95890808105469,10.596323013305664
950,-11.639220237731934,60.555816650390625,-29.822856903076172,-50.37755584716797,9.906087875366211
1000,-9.488643646240234,53.61780548095703,-46.66932678222656,-58.67985534667969,2.8020946979522705
1050,-10.510688781738281,52.87184524536133,-43.43304443359375,-57.635986328125,4.102503299713135
1100,-8.957969665527344,57.32609558105469,-47.01087951660156,-61.09320831298828,5.693733215332031
1150,-10.36281967163086,62.65216827392578,-37.831058502197266,-55.95530700683594,8.623809814453125
1200,-9.73989486694336,65.61601257324219,-39.96432113647461,-58.026649475097656,9.247148513793945
1250,-8.38870906829834,60.88921356201172,-60.05418014526367,-70.4663314819336,2.2482690811157227
1300,-8.328582763671875,63.86455535888672,-57.05007553100586,-67.4163818359375,2.2641377449035645
1350,-10.199518203735352,66.65200805664062,-48.22013854980469,-64.83299255371094,7.12592887878418
1400,-10.104063034057617,68.36732482910156,-46.85429382324219,-65.22941589355469,9.190065383911133
1450,-7.383343696594238,66.83290100097656,-67.62289428710938,-77.44696044921875,2.7119140625
1500,-10.156957626342773,65.05427551269531,-58.1778450012207,-72.03785705566406,4.114505290985107
1550,-8.984196662902832,67.24554443359375,-57.880271911621094,-71.6915283203125,5.363399982452393
1600,-9.51535415649414,75.20416259765625,-51.494873046875,-66.27233123779297,5.84678316116333
1650,-8.940649032592773,72.37834167480469,-58.23120880126953,-71.87908935546875,5.230257987976074
1700,-9.042262077331543,74.349609375,-58.60832595825195,-72.51957702636719,5.409987926483154
1750,-8.341293334960938,74.4593505859375,-60.610679626464844,-73.79100036621094,5.376698017120361
1800,-8.87137222290039,77.94306945800781,-63.292816162109375,-76.90991973876953,5.273035526275635
1850,-7.827852249145508,74.32208251953125,-71.20857238769531,-81.31440734863281,2.5310921669006348
1900,-8.19918441772461,80.95043182373047,-58.99833679199219,-74.90005493164062,8.558371543884277
1950,-9.156824111938477,80.81585693359375,-62.58512496948242,-75.96617126464844,4.693580150604248
2000,-8.502519607543945,82.14628601074219,-61.937660217285156,-77.35183715820312,7.679619789123535
2050,-7.968729019165039,75.54932403564453,-69.7131118774414,-79.60521697998047,2.137084484100342
2100,-7.879223823547363,81.80516815185547,-67.21512603759766,-81.02276611328125,6.587129592895508
2150,-8.551187515258789,85.19415283203125,-64.82408142089844,-80.06846618652344,7.436886787414551
2200,-8.524367332458496,82.66668701171875,-67.77922058105469,-81.57209777832031,5.853899955749512
2250,-7.065563201904297,82.06333923339844,-78.7161636352539,-87.23078155517578,1.610060691833496
2300,-8.155831336975098,81.74750518798828,-77.03121948242188,-88.95701599121094,4.188849925994873
2350,-7.537250518798828,84.97624206542969,-74.19503784179688,-84.06251525878906,2.589141368865967
2400,-8.692821502685547,86.56759643554688,-73.85657501220703,-87.9480209350586,5.998471260070801
2450,-8.26675033569336,88.31853485107422,-79.08692932128906,-90.74671936035156,3.7700438499450684
2500,-7.474103927612305,87.16818237304688,-82.06083679199219,-92.01416015625,2.754688262939453
2550,-7.715749263763428,94.83990478515625,-76.34500122070312,-90.01225280761719,6.612780570983887
2600,-6.2647705078125,96.16978454589844,-77.24030303955078,-90.4220962524414,7.685581207275391
2650,-6.512321472167969,97.89894104003906,-82.89402770996094,-95.09294891357422,6.31844425201416
2700,-6.7245941162109375,94.1675796508789,-88.8641357421875,-97.5556869506836,2.1855077743530273
2750,-7.483457088470459,92.55657958984375,-87.35961151123047,-97.62950134277344,3.096036434173584
2800,-7.725780487060547,99.44378662109375,-82.83543395996094,-94.79707336425781,4.706510066986084
2850,-7.707974910736084,99.32850646972656,-87.53016662597656,-99.77642822265625,5.042541027069092
2900,-7.25271463394165,104.52973937988281,-90.81614685058594,-102.48324584960938,4.904871463775635
2950,-7.90294885635376,103.75362396240234,-83.44933319091797,-98.16928100585938,7.574443340301514
3000,-4.920862197875977,102.91871643066406,-99.9038314819336,-105.63579559326172,0.9012243747711182
3050,-7.509730339050293,105.58938598632812,-90.86367797851562,-103.61537170410156,5.824403762817383
3100,-6.043802261352539,103.72401428222656,-99.77448272705078,-107.01533508300781,1.330055594444275
3150,-6.654942035675049,107.73146057128906,-93.84127807617188,-106.54542541503906,6.721339225769043
3200,-6.2635178565979,109.749755859375,-99.5968017578125,-108.18885803222656,2.5872650146484375
3250,-6.158507347106934,109.05497741699219,-104.48844909667969,-111.98953247070312,1.4917510747909546
3300,-6.959011077880859,113.52043151855469,-99.6517333984375,-111.24564361572266,5.149888038635254
3350,-5.898007869720459,110.12830352783203,-108.00494384765625,-116.22872161865234,2.584188938140869
3400,-7.928077697753906,114.81817626953125,-98.95103454589844,-110.80111694335938,4.357783317565918
3450,-7.317890167236328,115.60098266601562,-102.11515808105469,-112.82290649414062,3.7665090560913086
3500,-6.7243547439575195,121.52462768554688,-105.77589416503906,-117.02589416503906,5.028494834899902
3550,-7.904120445251465,115.24893951416016,-107.05027770996094,-118.10765838623047,3.50362229347229
3600,-7.06926155090332,115.73947143554688,-109.8065414428711,-120.07828521728516,3.5583133697509766
3650,-7.299764156341553,122.2070541381836,-105.39645385742188,-116.93594360351562,4.710806369781494
3700,-7.568479061126709,121.94361114501953,-108.6535873413086,-121.19315338134766,5.523429870605469
3750,-7.073339462280273,123.03289794921875,-109.34333801269531,-120.14359283447266,4.141016960144043
3800,-5.558449745178223,118.8194580078125,-115.7361831665039,-122.5615234375,1.407656192779541
3850,-6.438261985778809,125.44245910644531,-115.46043395996094,-125.45097351074219,3.9469754695892334
3900,-6.847921848297119,120.45867156982422,-118.36972045898438,-128.08743286132812,3.1886563301086426
3950,-6.91077184677124,126.28628540039062,-113.32157897949219,-123.45474243164062,3.580435276031494
4000,-5.454257488250732,126.59716033935547,-122.81999206542969,-129.55880737304688,1.4272863864898682
4050,-6.407747745513916,130.28561401367188,-117.98239135742188,-128.8316192626953,4.934978008270264
4100,-4.832054615020752,129.11935424804688,-128.28396606445312,-134.40472412109375,1.4318926334381104
4150,-7.144779205322266,126.58283233642578,-122.77631378173828,-132.3509979248047,2.699894666671753
4200,-6.006714820861816,134.787841796875,-125.0724868774414,-134.44021606445312,3.7344605922698975
4250,-6.11298942565918,131.35963439941406,-125.52987670898438,-133.9842987060547,2.6015920639038086
4300,-6.4238386154174805,138.08941650390625,-131.0489044189453,-139.68902587890625,2.462536334991455
4350,-6.267735481262207,135.9070587158203,-128.66734313964844,-136.82200622558594,2.096586227416992
4400,-6.1321306228637695,138.06509399414062,-130.53805541992188,-138.8865966796875,2.4626786708831787
4450,-7.450707912445068,138.10629272460938,-124.5095443725586,-136.0577392578125,4.55276346206665
4500,-6.864570617675781,137.8370361328125,-129.2351837158203,-139.65003967285156,3.944761276245117
4550,-5.928179740905762,142.5068359375,-127.56851196289062,-137.89712524414062,4.889370918273926
4600,-6.563630104064941,140.27508544921875,-129.18173217773438,-139.4888916015625,4.159477233886719
4650,-6.263304233551025,143.20913696289062,-129.82232666015625,-140.09481811523438,4.454652786254883
4700,-6.2861762046813965,140.3707733154297,-132.29798889160156,-141.6335906982422,3.3882508277893066
4750,-5.751021862030029,139.61593627929688,-136.33807373046875,-144.58438110351562,2.7725396156311035
4800,-6.108772277832031,144.7841796875,-130.75515747070312,-141.88278198242188,5.576502799987793
4850,-5.134419918060303,142.5446319580078,-139.74838256835938,-146.8325653076172,2.166403293609619
4900,-5.88717794418335,145.0842742919922,-137.0192108154297,-146.6621551513672,4.173073768615723
4950,-5.989707946777344,145.40371704101562,-141.01063537597656,-148.73822021484375,1.9309746026992798
5000,-6.916827201843262,146.74566650390625,-137.43312072753906,-147.61178588867188,3.6242642402648926
5050,-5.8538818359375,149.06503295898438,-136.42648315429688,-144.67080688476562,2.6560463905334473
5100,-5.120289325714111,150.8477783203125,-135.6680145263672,-145.5499267578125,5.290692329406738
5150,-6.323568820953369,149.5201416015625,-134.58599853515625,-145.50018310546875,5.10068416595459
5200,-6.571117401123047,148.47515869140625,-138.0496063232422,-147.12823486328125,2.786123514175415
5250,-5.6925811767578125,150.7338104248047,-135.3795166015625,-146.87240600585938,6.44478702545166
5300,-7.207439422607422,151.73654174804688,-138.517578125,-149.19747924804688,3.858290672302246
5350,-6.065529823303223,153.7290802001953,-142.89138793945312,-152.6280517578125,4.079037666320801
5400,-4.958920001983643,153.730712890625,-142.23629760742188,-151.93246459960938,5.263607978820801
5450,-6.049491882324219,150.74647521972656,-143.9656982421875,-152.5821075439453,2.852130889892578
5500,-5.833583831787109,154.79598999023438,-137.89993286132812,-149.2228240966797,6.099230766296387
5550,-5.859121322631836,154.88380432128906,-145.11630249023438,-154.51364135742188,3.9313530921936035
5600,-5.462853908538818,155.12692260742188,-147.50405883789062,-155.67236328125,3.006056308746338
5650,-5.591172695159912,151.78610229492188,-149.33230590820312,-156.4244384765625,1.6677333116531372
5700,-5.629236221313477,158.56613159179688,-143.48248291015625,-152.70803833007812,3.995910406112671
5750,-6.421205520629883,156.30642700195312,-148.29840087890625,-157.72457885742188,3.3388586044311523
5800,-5.733772277832031,157.60739135742188,-146.46527099609375,-155.88888549804688,4.099824905395508
5850,-6.094898223876953,151.21275329589844,-146.72317504882812,-155.62167358398438,3.1151113510131836
5900,-5.544651985168457,160.24063110351562,-149.7290802001953,-158.3747100830078,3.445531129837036
5950,-6.946872711181641,156.65963745117188,-148.24456787109375,-157.56056213378906,2.632357597351074
6000,-5.907827377319336,160.5576629638672,-148.6838836669922,-157.83319091796875,3.60164475440979
6050,-4.348303318023682,159.55221557617188,-147.531494140625,-156.9663848876953,5.651763916015625
6100,-5.5411834716796875,161.89407348632812,-149.707275390625,-158.421875,3.5260181427001953
6150,-2.8686671257019043,162.0148162841797,-146.38511657714844,-155.90847778320312,7.394104957580566
6200,-3.8533802032470703,157.6219482421875,-153.43099975585938,-162.0561065673828,5.3019185066223145
6250,-5.442646026611328,159.10635375976562,-154.08529663085938,-161.22174072265625,1.881998062133789
6300,-5.75037956237793,161.6317138671875,-154.50982666015625,-162.6397705078125,2.6439599990844727
6350,-5.693343162536621,159.99879455566406,-154.18136596679688,-161.87013244628906,2.217137098312378
6400,-5.166868686676025,163.9591064453125,-155.44593811035156,-162.66943359375,2.2851409912109375
6450,-4.107997894287109,162.94384765625,-148.9794921875,-161.2923126220703,9.116469383239746
6500,-6.051325798034668,163.31472778320312,-157.44912719726562,-166.04652404785156,2.828968048095703
6550,-4.498701572418213,161.12783813476562,-155.85516357421875,-161.14498901367188,0.8790265321731567
6600,-5.335633754730225,164.18397521972656,-154.84864807128906,-164.30416870117188,4.577652454376221
6650,-5.848238945007324,166.390869140625,-154.217041015625,-163.34432983398438,3.643388509750366
6700,-6.053518772125244,164.52215576171875,-154.9996795654297,-164.40658569335938,3.7259860038757324
6750,-5.422264575958252,164.43167114257812,-159.23989868164062,-166.16636657714844,1.6713368892669678
6800,-6.0393900871276855,170.3475341796875,-157.4923095703125,-167.04806518554688,3.9070730209350586
6850,-6.158055782318115,165.79151916503906,-158.94992065429688,-167.6648712158203,2.840994358062744
6900,-4.983756065368652,168.34645080566406,-158.42926025390625,-166.65603637695312,3.6033554077148438
6950,-6.215315341949463,169.28216552734375,-161.041748046875,-169.4185791015625,2.401684284210205
7000,-4.647157669067383,168.4178466796875,-156.27447509765625,-165.9051513671875,5.537242889404297
7050,-5.986611366271973,168.56419372558594,-157.61294555664062,-166.05796813964844,2.731567859649658
7100,-5.062154293060303,167.52426147460938,-164.46600341796875,-170.87503051757812,1.4965254068374634
7150,-5.013336658477783,169.0506591796875,-164.5722198486328,-171.43353271484375,2.053307056427002
7200,-5.2235026359558105,172.48345947265625,-161.00262451171875,-169.084228515625,3.175668239593506
7250,-6.110441207885742,172.03414916992188,-161.2021484375,-170.01634216308594,3.0041697025299072
7300,-5.891515731811523,169.2539520263672,-165.705810546875,-173.651611328125,2.282538890838623
7350,-5.135093688964844,169.08853149414062,-167.1778564453125,-174.014892578125,1.891047477722168
7400,-5.300143718719482,171.10501098632812,-166.2919921875,-173.146240234375,1.7267827987670898
7450,-5.6398515701293945,172.53353881835938,-165.750244140625,-173.50161743164062,2.346135377883911
7500,-5.52884578704834,173.5906524658203,-163.1162872314453,-171.90972900390625,3.6273293495178223
7550,-5.744879722595215,171.9532470703125,-164.00836181640625,-172.53302001953125,3.0886425971984863
7600,-5.549139022827148,171.01480102539062,-165.24635314941406,-172.9364013671875,2.3787879943847656
7650,-5.245293140411377,175.71701049804688,-161.55575561523438,-170.81138610839844,4.455930709838867
7700,-5.6555867195129395,174.98629760742188,-165.74427795410156,-174.3480224609375,3.275730848312378
7750,-5.169459342956543,175.5284881591797,-167.21127319335938,-174.84368896484375,2.7366185188293457
7800,-4.868384838104248,178.2466583251953,-165.7860870361328,-174.19036865234375,3.928774356842041
7850,-5.323476314544678,176.26939392089844,-168.63674926757812,-175.97650146484375,2.2403066158294678
7900,-5.3969035148620605,174.1025390625,-166.97705078125,-174.85302734375,2.754525661468506
7950,-5.175197124481201,177.86965942382812,-166.26490783691406,-174.75669860839844,3.6851041316986084
8000,-6.143447399139404,175.11489868164062,-167.61358642578125,-176.3106689453125,2.837372303009033
8050,-4.900571823120117,178.15658569335938,-168.83847045898438,-176.95367431640625,3.5718131065368652
8100,-5.754369735717773,176.19442749023438,-169.77069091796875,-179.19381713867188,4.0763959884643555
8150,-4.759237289428711,179.0068817138672,-171.6111602783203,-178.43948364257812,2.2989847660064697
8200,-4.879459857940674,179.5818634033203,-167.2932586669922,-176.992919921875,5.355779647827148
8250,-6.270439147949219,176.0858154296875,-168.95510864257812,-177.64804077148438,2.6916587352752686
8300,-2.572418212890625,178.8992462158203,-169.00868225097656,-178.57379150390625,7.769657135009766
8350,-5.675815582275391,180.882080078125,-173.06150817871094,-181.17742919921875,2.711228370666504
8400,-5.1180877685546875,182.48434448242188,-172.47178649902344,-179.587158203125,2.2192041873931885
8450,-5.102540016174316,181.0588836669922,-174.64236450195312,-181.50653076171875,1.9573626518249512
8500,-4.7783589363098145,184.23764038085938,-173.0357666015625,-181.335693359375,3.912853240966797
8550,-5.414906024932861,183.63751220703125,-173.025634765625,-180.9555206298828,2.794422149658203
8600,-5.386485576629639,181.45960998535156,-173.70172119140625,-181.38494873046875,2.5519356727600098
8650,-5.174654006958008,180.70791625976562,-176.65469360351562,-183.1625518798828,1.4813377857208252
8700,-4.621391296386719,184.591796875,-173.65487670898438,-181.04803466796875,3.079740524291992
8750,-5.461817741394043,182.91937255859375,-174.09112548828125,-181.9466094970703,2.6596293449401855
8800,-5.2721052169799805,182.0438232421875,-178.41571044921875,-184.9598846435547,1.413409948348999
8850,-4.398186683654785,186.135986328125,-175.32489013671875,-182.88218688964844,3.510122299194336
8900,-5.816984176635742,184.9860076904297,-174.28855895996094,-183.15106201171875,3.3839097023010254
8950,-5.649015426635742,187.4988250732422,-176.51666259765625,-185.42202758789062,3.618166446685791
9000,-5.538956642150879,182.46795654296875,-177.13961791992188,-184.83526611328125,2.3963239192962646
9050,-5.007401466369629,184.59840393066406,-178.95901489257812,-186.2074737548828,2.4900636672973633
9100,-4.669564723968506,183.70103454589844,-178.94998168945312,-185.0322723388672,1.5696957111358643
9150,-5.000931262969971,186.30126953125,-178.87899780273438,-186.55259704589844,2.9696311950683594
9200,-4.448088645935059,184.4653778076172,-176.90640258789062,-183.11212158203125,1.9529228210449219
9250,-5.120875358581543,187.04913330078125,-178.88278198242188,-186.9822998046875,3.309602737426758
9300,-5.701827049255371,188.5625,-177.36505126953125,-185.6792755126953,2.9026637077331543
9350,-4.548199653625488,186.9215087890625,-183.948974609375,-189.74630737304688,1.387925624847412
9400,-5.658783912658691,189.9327392578125,-179.931884765625,-188.90077209472656,3.6778926849365234
9450,-4.913023948669434,186.51870727539062,-183.826171875,-189.91131591796875,1.3023557662963867
9500,-5.625269412994385,185.65585327148438,-181.31808471679688,-188.5917205810547,1.8315181732177734
9550,-5.5337724685668945,189.25450134277344,-182.95721435546875,-190.3948516845703,2.115405559539795
9600,-4.87009859085083,190.03790283203125,-180.72958374023438,-187.92715454101562,2.586080312728882
9650,-5.3558807373046875,189.9769287109375,-183.41632080078125,-190.39425659179688,1.8022836446762085
9700,-4.793204307556152,189.3292999267578,-182.85000610351562,-190.04745483398438,2.6713831424713135
9750,-4.83100700378418,190.30259704589844,-185.15943908691406,-191.64227294921875,1.8353633880615234
9800,-3.9893383979797363,194.39915466308594,-180.10220336914062,-188.30706787109375,4.683917999267578
9850,-5.364725589752197,192.69810485839844,-184.86773681640625,-192.879150390625,2.9407644271850586
9900,-4.645688056945801,191.5453338623047,-187.91940307617188,-194.8535919189453,2.542778968811035
9950,-4.805932998657227,193.5435028076172,-187.65151977539062,-194.63711547851562,2.4218475818634033
10000,-4.951401233673096,190.46139526367188,-188.11924743652344,-194.51724243164062,1.6073262691497803
10050,-4.592226982116699,193.89422607421875,-184.6852569580078,-192.61715698242188,3.7107481956481934
10100,-4.952266693115234,193.80752563476562,-187.16241455078125,-194.10800170898438,2.2148003578186035
10150,-4.777751445770264,193.26602172851562,-184.65786743164062,-192.98294067382812,3.9414687156677246
10200,-4.552065849304199,191.8883056640625,-189.10833740234375,-195.21728515625,1.7298691272735596
10250,-5.1738786697387695,193.27655029296875,-187.15170288085938,-194.28656005859375,2.1788649559020996
10300,-5.136632919311523,191.56625366210938,-188.66639709472656,-195.48751831054688,1.8716535568237305
10350,-5.526701927185059,193.94325256347656,-183.98251342773438,-192.25372314453125,3.0494534969329834
10400,-5.600884437561035,195.44679260253906,-186.8491668701172,-194.77684020996094,2.5853214263916016
10450,-5.257534980773926,195.05044555664062,-186.87698364257812,-194.7569580078125,2.913821220397949
10500,-4.859524250030518,193.9434814453125,-188.5962677001953,-194.78509521484375,1.477003574371338
10550,-4.662595748901367,195.05921936035156,-187.7425537109375,-194.7001953125,2.550050735473633
10600,-4.595457553863525,194.164794921875,-188.5684051513672,-195.23678588867188,2.3032479286193848
10650,-4.620837688446045,195.91232299804688,-190.07522583007812,-196.69583129882812,2.2219643592834473
10700,-4.811954498291016,196.0316162109375,-185.88314819335938,-194.20358276367188,3.8983113765716553
10750,-4.909291744232178,194.87924194335938,-190.17189025878906,-197.03890991210938,2.175253391265869
10800,-4.7513298988342285,199.0858917236328,-187.49813842773438,-194.57644653320312,2.58553147315979
10850,-4.836211204528809,197.45330810546875,-188.18194580078125,-195.2550048828125,2.485386371612549
10900,-4.631986141204834,195.6302490234375,-191.33538818359375,-197.544677734375,1.7525594234466553
10950,-5.424311637878418,196.13229370117188,-189.88316345214844,-197.3199462890625,2.236079216003418
11000,-4.8416948318481445,197.01182556152344,-192.53851318359375,-198.54763793945312,1.2971444129943848
11050,-5.1653852462768555,198.12945556640625,-190.20716857910156,-197.59768676757812,2.472370147705078
11100,-4.77971076965332,198.24908447265625,-193.19256591796875,-199.15098571777344,1.3096768856048584
11150,-4.9155168533325195,200.867431640625,-190.84780883789062,-198.6353759765625,3.191167116165161
11200,-4.598175525665283,199.18527221679688,-189.85928344726562,-197.7919158935547,3.7049522399902344
11250,-5.548483371734619,197.32022094726562,-192.5535888671875,-200.20887756347656,2.340894937515259
11300,-4.285827159881592,200.3218994140625,-191.14959716796875,-198.42323303222656,3.3197875022888184
11350,-5.157419681549072,198.36570739746094,-194.19183349609375,-200.8150177001953,1.6286274194717407
11400,-4.592235565185547,201.90847778320312,-192.56851196289062,-199.981689453125,3.134380340576172
11450,-5.019717216491699,200.2583465576172,-190.63137817382812,-198.30030822753906,2.9435698986053467
11500,-4.908903121948242,198.40194702148438,-191.3159637451172,-198.67465209960938,2.7219839096069336
11550,-4.725663185119629,198.6669464111328,-194.90550231933594,-201.25599670410156,1.8053683042526245
11600,-5.760214805603027,200.29949951171875,-192.8035125732422,-201.27130126953125,3.008415460586548
11650,-5.382699012756348,201.459716796875,-191.7476348876953,-200.20968627929688,3.4215025901794434
11700,-5.165112495422363,199.39346313476562,-193.44102478027344,-201.14576721191406,2.8218109607696533
11750,-5.243250846862793,202.59780883789062,-192.03375244140625,-199.84600830078125,2.854450225830078
11800,-5.321262836456299,200.31251525878906,-192.65377807617188,-200.35382080078125,2.6430888175964355
11850,-5.755722999572754,201.81573486328125,-192.4233856201172,-200.62843322753906,2.7214720249176025
11900,-5.603384017944336,200.1147003173828,-192.83230590820312,-200.74996948242188,2.5714218616485596
11950,-5.673784255981445,199.36972045898438,-193.8463134765625,-201.3618621826172,2.046405076980591
12000,-5.607381820678711,199.7579345703125,-194.5370330810547,-201.66586303710938,1.690497875213623
12050,-4.2265214920043945,203.06838989257812,-193.63217163085938,-201.1044921875,3.606443405151367
12100,-4.883335113525391,200.94747924804688,-194.65884399414062,-202.04031372070312,2.775704860687256
12150,-4.435991287231445,202.0992431640625,-192.04296875,-200.34124755859375,4.291430473327637
12200,-4.000019073486328,202.2177734375,-193.19537353515625,-200.52301025390625,3.697352886199951
12250,-4.820490837097168,202.37783813476562,-196.3121337890625,-203.27789306640625,2.383631706237793
12300,-4.076494216918945,204.01646423339844,-194.62173461914062,-202.061767578125,3.7372653484344482
12350,-4.660405158996582,204.38497924804688,-193.98602294921875,-201.1456756591797,2.7769417762756348
12400,-4.864612579345703,201.51528930664062,-196.79855346679688,-203.20741271972656,1.715829849243164
12450,-4.889343738555908,202.5244140625,-198.19979858398438,-204.75462341308594,1.850534439086914
12500,-4.6263275146484375,202.80479431152344,-197.67990112304688,-203.92953491210938,1.8036737442016602
12550,-5.063494682312012,203.4434356689453,-198.0780029296875,-205.27578735351562,2.3714332580566406
12600,-4.483946800231934,205.55221557617188,-200.90774536132812,-206.86471557617188,1.636693000793457
12650,-5.366024971008301,203.35882568359375,-198.1538848876953,-205.34124755859375,2.0237088203430176
12700,-4.9255499839782715,205.86911010742188,-195.99359130859375,-204.0133056640625,3.437960386276245
12750,-4.530066013336182,204.3812255859375,-199.91470336914062,-206.3307342529297,2.0955164432525635
12800,-3.8690340518951416,205.13856506347656,-197.870849609375,-204.37664794921875,2.9297380447387695
12850,-4.794676780700684,206.17816162109375,-197.59085083007812,-205.14773559570312,3.069119930267334
12900,-4.904179573059082,204.17416381835938,-198.37513732910156,-205.65292358398438,2.637340545654297
12950,-3.978872776031494,207.03366088867188,-194.5894775390625,-203.94064331054688,5.96921443939209
13000,-4.446749210357666,208.23471069335938,-196.91026306152344,-204.679443359375,3.6915903091430664
13050,-4.492160797119141,207.890869140625,-197.20118713378906,-204.88116455078125,3.542018413543701
13100,-4.850835800170898,205.84170532226562,-199.97412109375,-206.80865478515625,2.204108715057373
13150,-5.26898717880249,206.0006561279297,-200.48880004882812,-207.6490478515625,2.101400852203369
13200,-4.866676330566406,205.517822265625,-199.55303955078125,-206.178466796875,1.9541677236557007
13250,-4.879097938537598,205.24606323242188,-199.56356811523438,-206.65670776367188,2.4600465297698975
13300,-5.331804275512695,207.8292236328125,-198.20974731445312,-206.413818359375,3.1914076805114746
13350,-5.5687456130981445,207.77194213867188,-197.86349487304688,-205.7421875,2.5666074752807617
13400,-4.489182472229004,206.0562286376953,-200.28627014160156,-207.05755615234375,2.535670757293701
13450,-4.786550998687744,208.71067810058594,-199.2205810546875,-206.30105590820312,2.54880428314209
13500,-4.357300758361816,207.0059051513672,-199.69497680664062,-206.5428466796875,2.767299175262451
13550,-4.5266642570495605,207.69480895996094,-199.7608642578125,-207.25350952148438,3.295534610748291
13600,-4.03439474105835,207.8646240234375,-199.70932006835938,-207.26318359375,3.9105210304260254
13650,-4.72199821472168,208.2657012939453,-197.72271728515625,-205.04083251953125,2.8845748901367188
13700,-4.965789318084717,206.73008728027344,-202.44677734375,-209.21481323242188,2.0024962425231934
13750,-4.611137390136719,209.89166259765625,-197.42047119140625,-205.75634765625,4.138599395751953
13800,-4.765403747558594,208.1416015625,-199.4945526123047,-207.2119140625,3.2799532413482666
13850,-4.913003921508789,207.67108154296875,-200.77560424804688,-207.60198974609375,2.1259799003601074
13900,-5.8387603759765625,204.8312225341797,-199.707275390625,-207.1077423095703,1.7352296113967896
13950,-4.687774658203125,210.27032470703125,-201.39979553222656,-209.21221923828125,3.471832275390625
14000,-4.906033039093018,208.5289306640625,-202.28778076171875,-209.08120727539062,2.097104072570801
14050,-4.48496150970459,206.36569213867188,-204.0197296142578,-209.65957641601562,1.2832057476043701
14100,-4.837780952453613,208.63748168945312,-203.40313720703125,-210.2313232421875,2.2115612030029297
14150,-5.10861873626709,209.2461395263672,-202.92742919921875,-209.8363037109375,2.000284433364868
14200,-5.75096321105957,209.6376953125,-201.19619750976562,-209.02395629882812,2.3075509071350098
14250,-4.3911237716674805,211.32034301757812,-199.43118286132812,-207.59210205078125,4.188662052154541
14300,-3.2977805137634277,212.55780029296875,-199.03468322753906,-207.52197265625,5.7661213874816895
14350,-5.126865863800049,209.24609375,-202.18832397460938,-210.1310272216797,3.1287083625793457
14400,-5.142096519470215,212.15721130371094,-202.23953247070312,-210.11773681640625,3.0401201248168945
14450,-4.545593738555908,212.6366424560547,-203.1111297607422,-210.78013610839844,3.470458507537842
14500,-4.454505920410156,209.32559204101562,-204.70216369628906,-210.80589294433594,1.832470178604126
14550,-5.015163421630859,209.69384765625,-204.87454223632812,-212.01654052734375,2.363150119781494
14600,-5.2628173828125,211.31607055664062,-201.71401977539062,-209.68716430664062,3.011474370956421
14650,-5.012124061584473,211.4652099609375,-202.35867309570312,-209.94418334960938,2.859318256378174
14700,-5.220762252807617,211.22109985351562,-203.98782348632812,-211.91757202148438,3.0099844932556152
14750,-5.246462821960449,209.53329467773438,-204.51217651367188,-211.85418701171875,2.3283863067626953
14800,-4.872828006744385,213.36154174804688,-203.6584014892578,-211.7552947998047,3.5822949409484863
14850,-4.925277233123779,210.53713989257812,-204.95994567871094,-211.69894409179688,2.0152459144592285
14900,-4.937918663024902,213.16342163085938,-202.11785888671875,-210.9395751953125,4.315330505371094
14950,-4.317659378051758,212.18739318847656,-206.72018432617188,-212.8631591796875,2.0281286239624023
15000,-4.677382469177246,213.24493408203125,-204.730224609375,-212.56939697265625,3.5130996704101562
15050,-4.112240791320801,210.72662353515625,-208.72067260742188,-214.47097778320312,1.8200715780258179
15100,-5.299738883972168,213.2781524658203,-206.31539916992188,-213.54010009765625,2.1388466358184814
15150,-4.752511024475098,212.65957641601562,-206.247802734375,-212.980712890625,2.2004432678222656
15200,-4.716655254364014,211.30685424804688,-208.74728393554688,-214.75564575195312,1.4352294206619263
15250,-4.766331195831299,212.8905029296875,-206.72378540039062,-213.147216796875,1.8412224054336548
15300,-4.417085647583008,213.13278198242188,-208.07411193847656,-214.4144287109375,2.136923313140869
15350,-5.38184118270874,213.65028381347656,-206.9105987548828,-214.97634887695312,2.982120990753174
15400,-4.985737323760986,213.12217712402344,-208.3076171875,-215.08169555664062,1.9870455265045166
15450,-5.517136096954346,213.70455932617188,-207.41073608398438,-214.66944885253906,1.9350850582122803
15500,-4.315652847290039,215.24021911621094,-207.22946166992188,-213.41510009765625,2.0777618885040283
15550,-5.071993350982666,214.85092163085938,-207.0357666015625,-214.17877197265625,2.3011245727539062
15600,-4.3989787101745605,215.48863220214844,-206.53001403808594,-214.01705932617188,3.431185245513916
15650,-4.6318888664245605,217.55975341796875,-206.02317810058594,-213.58712768554688,3.257845401763916
15700,-3.837928295135498,216.75857543945312,-204.31512451171875,-213.35662841796875,5.781750679016113
15750,-4.176753044128418,215.61399841308594,-208.068359375,-214.71826171875,2.74794340133667
15800,-4.10544490814209,214.30307006835938,-211.01736450195312,-217.23489379882812,2.3467602729797363
15850,-4.483687877655029,214.39263916015625,-208.46377563476562,-214.43528747558594,1.6531376838684082
15900,-4.345062255859375,217.19418334960938,-207.26260375976562,-214.25567626953125,2.9422333240509033
15950,-4.717566013336182,216.8477325439453,-208.2330780029297,-214.8654022216797,2.127509117126465
16000,-4.782895565032959,218.2582550048828,-206.52420043945312,-214.6080322265625,3.6677069664001465
16050,-4.653565883636475,215.61459350585938,-210.49270629882812,-217.10897827148438,2.1807847023010254
16100,-5.002786159515381,216.19883728027344,-211.89447021484375,-218.66751098632812,1.9669495820999146
16150,-4.535800933837891,217.0462188720703,-212.4097442626953,-219.15350341796875,2.453286647796631
16200,-4.6316728591918945,216.6004638671875,-210.83273315429688,-217.05935668945312,1.772167444229126
16250,-4.4717559814453125,221.13345336914062,-208.29403686523438,-216.07089233398438,3.672333240509033
16300,-4.653742790222168,216.75003051757812,-210.0630645751953,-217.20257568359375,2.761965036392212
16350,-3.8235509395599365,217.83596801757812,-209.47607421875,-215.98873901367188,2.9879043102264404
16400,-4.786519527435303,215.6894073486328,-213.26136779785156,-219.68008422851562,1.8135521411895752
16450,-4.384645462036133,217.06185913085938,-211.95150756835938,-218.92784118652344,2.8796534538269043
16500,-4.4114203453063965,218.26226806640625,-210.9532470703125,-218.00247192382812,2.930893898010254
16550,-4.504946708679199,219.568115234375,-209.67630004882812,-217.20086669921875,3.355133533477783
16600,-3.791050672531128,220.00860595703125,-211.60873413085938,-218.92825317382812,3.920520544052124
16650,-3.5699222087860107,218.6230010986328,-214.42596435546875,-220.28018188476562,2.5381059646606445
16700,-4.944271564483643,218.8848419189453,-211.67221069335938,-218.541259765625,2.138641595840454
16750,-4.952715873718262,219.50546264648438,-210.27102661132812,-217.9619903564453,3.042497396469116
16800,-4.46774435043335,220.94454956054688,-211.164306640625,-219.23583984375,4.004209995269775
16850,-4.336544990539551,221.70794677734375,-209.995849609375,-217.65847778320312,3.695647716522217
16900,-3.7176592350006104,218.81996154785156,-216.52273559570312,-221.51333618164062,1.414379358291626
16950,-5.002603530883789,221.21424865722656,-209.999267578125,-218.7911376953125,4.210296154022217
17000,-4.948237419128418,220.69064331054688,-214.0531768798828,-220.69186401367188,1.8782774209976196
17050,-4.357784748077393,218.60333251953125,-215.82823181152344,-221.6553955078125,1.632643461227417
17100,-5.398993492126465,220.8935089111328,-213.80343627929688,-221.73443603515625,2.813340187072754
17150,-4.496994972229004,221.622314453125,-213.83853149414062,-220.72898864746094,2.65940260887146
17200,-4.344263076782227,222.1414031982422,-210.9453582763672,-218.89678955078125,4.007964611053467
17250,-5.038515090942383,223.30624389648438,-212.87408447265625,-220.552734375,2.933483123779297
17300,-4.6193528175354,223.86439514160156,-215.22314453125,-222.41708374023438,2.860651731491089
17350,-5.062117099761963,222.4595947265625,-212.3443603515625,-220.01602172851562,2.89949369430542
17400,-3.8951404094696045,222.4350128173828,-215.18307495117188,-221.36676025390625,2.542827606201172
17450,-4.726526737213135,223.89385986328125,-216.18089294433594,-222.84552001953125,2.15344500541687
17500,-4.678832530975342,222.44534301757812,-215.26824951171875,-221.87283325195312,2.139723777770996
17550,-5.333189010620117,223.63323974609375,-216.4275360107422,-224.177490234375,2.6852946281433105
17600,-4.071066856384277,223.29913330078125,-214.25674438476562,-220.94845581054688,2.911827564239502
17650,-4.231450080871582,223.85321044921875,-214.76708984375,-222.44692993164062,3.8315446376800537
17700,-4.888047218322754,223.5333709716797,-216.57687377929688,-223.18905639648438,1.9157062768936157
17750,-3.8244214057922363,222.79798889160156,-218.7747802734375,-224.706298828125,2.341219186782837
17800,-5.047118186950684,223.42807006835938,-217.1622314453125,-224.1881866455078,2.1987075805664062
17850,-4.726850986480713,225.1628875732422,-215.23597717285156,-222.85421752929688,3.2126550674438477
17900,-4.259649276733398,222.83944702148438,-217.0865020751953,-224.31890869140625,3.3030641078948975
17950,-4.2491865158081055,224.48257446289062,-217.7911376953125,-224.43695068359375,2.6629180908203125
18000,-4.400645732879639,223.94949340820312,-217.25498962402344,-223.58494567871094,2.1436781883239746
18050,-5.11306095123291,225.5644073486328,-217.4639434814453,-225.2407989501953,2.9597716331481934
18100,-4.677377700805664,224.81649780273438,-217.2952117919922,-224.18411254882812,2.457247734069824
18150,-4.809414386749268,225.8838348388672,-215.3634490966797,-222.97537231445312,3.113898754119873
18200,-4.08891487121582,226.51309204101562,-216.54380798339844,-224.46353149414062,4.2564544677734375
18250,-4.185768127441406,226.64010620117188,-218.22100830078125,-225.05221557617188,2.9393770694732666
18300,-5.153425693511963,225.25588989257812,-218.4925537109375,-225.64755249023438,2.2239701747894287
18350,-4.954035758972168,225.31552124023438,-217.10211181640625,-224.26361083984375,2.452737331390381
18400,-4.845224380493164,225.65670776367188,-218.72897338867188,-225.6588134765625,2.316239356994629
18450,-4.809815406799316,226.68426513671875,-218.46144104003906,-225.96815490722656,2.996553897857666
18500,-4.669812202453613,225.58253479003906,-218.8250732421875,-225.4887237548828,2.2153759002685547
18550,-5.136723041534424,224.0067596435547,-219.843994140625,-226.74676513671875,1.962275505065918
18600,-4.763308525085449,225.1739501953125,-219.6177520751953,-226.2819061279297,2.112050771713257
18650,-4.463784217834473,226.45135498046875,-219.02444458007812,-225.5309600830078,2.2697012424468994
18700,-4.438701152801514,227.6569366455078,-216.43112182617188,-224.02166748046875,3.502049446105957
18750,-4.390107154846191,224.023193359375,-222.06948852539062,-227.44754028320312,1.097715973854065
18800,-4.464054107666016,226.6709442138672,-219.36024475097656,-225.93359375,2.343661308288574
18850,-4.336621284484863,227.27890014648438,-219.27471923828125,-226.17242431640625,2.845648765563965
18900,-4.669342994689941,226.53363037109375,-218.5635986328125,-226.1554412841797,3.2472221851348877
18950,-4.798093795776367,224.8681182861328,-219.85067749023438,-226.94744873046875,2.554086208343506
19000,-4.737393379211426,226.63674926757812,-219.6190948486328,-226.51617431640625,2.399651050567627
19050,-4.08472204208374,228.30421447753906,-218.61160278320312,-225.9949493408203,3.6651384830474854
19100,-5.4042277336120605,227.24159240722656,-219.29966735839844,-227.01502990722656,2.567927598953247
19150,-4.69439697265625,228.94662475585938,-216.7838592529297,-224.93753051757812,3.8436379432678223
19200,-4.228877067565918,227.6591339111328,-221.32403564453125,-227.71424865722656,2.401484489440918
19250,-3.8019821643829346,228.34805297851562,-222.26321411132812,-228.1962127685547,2.3677961826324463
19300,-4.7770609855651855,228.14456176757812,-220.85726928710938,-227.5994415283203,2.183457136154175
19350,-4.037766456604004,229.1097869873047,-219.5117950439453,-226.28732299804688,3.041957378387451
19400,-4.776009559631348,227.2189178466797,-220.9376983642578,-227.53518676757812,2.023865222930908
19450,-4.598507881164551,229.07032775878906,-222.11837768554688,-229.08428955078125,2.630448818206787
19500,-4.2950897216796875,228.73690795898438,-224.38961791992188,-230.42428588867188,1.932864785194397
19550,-5.034356117248535,227.9761962890625,-221.5801544189453,-228.78932189941406,2.416456937789917
19600,-4.401537895202637,227.9858856201172,-221.47377014160156,-228.53921508789062,2.959897041320801
19650,-4.56477689743042,228.96121215820312,-225.482666015625,-231.4833984375,1.5955060720443726
19700,-5.143728256225586,228.25254821777344,-222.65646362304688,-229.68746948242188,2.096975088119507
19750,-4.4272027015686035,228.85980224609375,-223.26629638671875,-229.51719665527344,2.0263307094573975
19800,-4.688962459564209,230.24493408203125,-224.71290588378906,-231.1671600341797,1.961435079574585
19850,-4.724723815917969,229.95896911621094,-223.3665771484375,-230.08273315429688,2.212702751159668
19900,-5.391404628753662,228.3056640625,-224.47186279296875,-231.47120666503906,1.7865991592407227
19950,-4.601992607116699,230.3524627685547,-224.2565460205078,-230.91236877441406,2.282033681869507
20000,-4.60098934173584,231.10060119628906,-222.943603515625,-229.9593505859375,2.6830644607543945
20050,-4.415376663208008,230.7964630126953,-223.97738647460938,-230.62319946289062,2.4782629013061523
20100,-4.935191631317139,230.1305694580078,-222.27284240722656,-229.56637573242188,2.620379686355591
20150,-4.464344024658203,230.93972778320312,-225.14529418945312,-231.78179931640625,2.4135122299194336
20200,-5.6033124923706055,229.09735107421875,-224.78607177734375,-232.19192504882812,2.0028228759765625
20250,-4.914797782897949,231.72021484375,-226.041259765625,-233.1466064453125,2.433943033218384
20300,-4.345789432525635,230.41552734375,-226.84075927734375,-232.4539794921875,1.4082564115524292
20350,-5.111088752746582,231.0328369140625,-225.19740295410156,-232.32301330566406,2.2383577823638916
20400,-4.661132335662842,234.59072875976562,-223.1940155029297,-231.2049560546875,3.7220091819763184
20450,-4.968818664550781,232.30142211914062,-224.31390380859375,-231.9081268310547,2.9171156883239746
20500,-4.4047722816467285,232.4296417236328,-225.16033935546875,-231.9438018798828,2.642989158630371
20550,-4.739986419677734,233.64991760253906,-224.06871032714844,-231.96453857421875,3.506490707397461
20600,-5.451129913330078,233.92344665527344,-224.36398315429688,-232.79745483398438,3.3137130737304688
20650,-4.33192253112793,232.46180725097656,-230.0435791015625,-235.4894561767578,1.237727165222168
20700,-4.547908306121826,233.64305114746094,-225.5682373046875,-232.32577514648438,2.455143928527832
20750,-4.383325099945068,231.5626220703125,-228.72705078125,-234.3567657470703,1.3848775625228882
20800,-4.294623374938965,232.98355102539062,-226.90582275390625,-233.48910522460938,2.542954683303833
20850,-4.294412612915039,235.95867919921875,-226.1480712890625,-233.13612365722656,2.9929332733154297
20900,-4.2718305587768555,233.02392578125,-228.54800415039062,-234.40292358398438,1.7589879035949707
20950,-4.784838676452637,234.5528564453125,-226.19091796875,-233.59747314453125,2.913018226623535
21000,-4.42069149017334,235.92556762695312,-225.35482788085938,-233.8121795654297,4.485177993774414
21050,-4.404083251953125,235.3497772216797,-228.71067810058594,-236.54283142089844,3.808967113494873
21100,-4.718314170837402,235.41775512695312,-227.27293395996094,-234.64932250976562,2.953416347503662
21150,-4.438040733337402,233.83071899414062,-229.92698669433594,-236.23866271972656,2.0818169116973877
21200,-4.799245834350586,234.00680541992188,-230.0946044921875,-236.91799926757812,2.2490546703338623
21250,-5.120201587677002,236.94467163085938,-225.24508666992188,-233.66720581054688,3.668797492980957
21300,-4.47303581237793,234.71421813964844,-230.84024047851562,-236.6755828857422,1.513674020767212
21350,-4.5568695068359375,237.18972778320312,-226.52230834960938,-233.86587524414062,3.0963306427001953
21400,-4.017412185668945,236.87030029296875,-228.99693298339844,-235.3778076171875,2.6260690689086914
21450,-4.456947326660156,235.95587158203125,-231.72500610351562,-237.61346435546875,1.5905674695968628
21500,-3.516594409942627,236.30963134765625,-229.55227661132812,-236.37867736816406,3.677562713623047
21550,-4.26650333404541,238.45599365234375,-229.27108764648438,-236.36862182617188,3.145589828491211
21600,-4.417461395263672,235.14761352539062,-231.769775390625,-237.63954162597656,1.6136720180511475
21650,-4.8036041259765625,237.48089599609375,-229.41873168945312,-236.2518310546875,2.2549948692321777
21700,-4.641883850097656,237.88807678222656,-229.3653106689453,-236.83514404296875,3.1421666145324707
21750,-4.244762420654297,236.322509765625,-233.46192932128906,-238.85879516601562,1.280114769935608
21800,-4.514113903045654,235.19024658203125,-231.900634765625,-237.67050170898438,1.3952810764312744
21850,-3.618803024291992,239.3724365234375,-228.33480834960938,-236.0512237548828,4.552902698516846
21900,-5.082679748535156,236.90562438964844,-230.9237518310547,-238.2913818359375,2.5388333797454834
21950,-5.317486763000488,238.96087646484375,-229.81491088867188,-238.0863494873047,3.2821688652038574
22000,-5.0761260986328125,238.49713134765625,-231.361083984375,-238.89785766601562,2.734053134918213
22050,-4.78976583480835,237.95840454101562,-231.21388244628906,-238.27471923828125,2.5234122276306152
22100,-4.446073532104492,240.94549560546875,-230.04612731933594,-238.10150146484375,4.010334014892578
22150,-4.789761543273926,241.22238159179688,-231.72694396972656,-239.16998291015625,2.9480857849121094
22200,-4.658819198608398,240.37635803222656,-232.9632568359375,-239.8564910888672,2.4826831817626953
22250,-4.339570999145508,239.2101593017578,-232.96551513671875,-239.60227966308594,2.5524373054504395
22300,-4.703614234924316,240.17401123046875,-232.15194702148438,-239.65234375,3.1075363159179688
22350,-4.991308689117432,240.33193969726562,-233.1717529296875,-240.0472869873047,2.093583822250366
22400,-4.293951034545898,239.28475952148438,-233.27081298828125,-239.57276916503906,2.231116771697998
22450,-4.564448356628418,238.8879852294922,-234.1696319580078,-240.43820190429688,1.8934683799743652
22500,-4.852994441986084,239.75094604492188,-234.4402313232422,-241.1600799560547,2.074282646179199
22550,-5.4717607498168945,241.99295043945312,-231.7977294921875,-239.7098388671875,2.711498737335205
22600,-4.6442461013793945,239.64816284179688,-230.9918212890625,-238.00640869140625,2.6337127685546875
22650,-4.08695125579834,241.17372131347656,-234.05615234375,-240.50375366210938,2.6229448318481445
22700,-4.282814025878906,238.44625854492188,-236.1517333984375,-242.0967254638672,1.8468643426895142
22750,-4.774005889892578,241.81204223632812,-231.94036865234375,-239.5648956298828,3.167245864868164
22800,-4.499852657318115,240.9893798828125,-236.8987274169922,-242.7407989501953,1.49135422706604
22850,-5.081686973571777,241.95321655273438,-234.36187744140625,-241.59104919433594,2.386094093322754
22900,-5.022558212280273,243.1178741455078,-234.29824829101562,-241.59091186523438,2.522339344024658
22950,-4.056968688964844,241.76210021972656,-235.6959228515625,-241.90740966796875,2.393908977508545
23000,-4.537810802459717,242.43179321289062,-233.62200927734375,-240.65478515625,2.772183418273926
23050,-4.426751136779785,241.54782104492188,-236.03907775878906,-242.9500732421875,2.7602715492248535
23100,-4.520555019378662,241.2225341796875,-235.73167419433594,-242.24224853515625,2.211132526397705
23150,-4.369978427886963,242.1923370361328,-234.87692260742188,-241.4305419921875,2.4262678623199463
23200,-4.534890651702881,241.54161071777344,-234.83416748046875,-241.35342407226562,2.204850912094116
23250,-4.254504680633545,243.1898956298828,-237.08372497558594,-243.33258056640625,2.2159454822540283
23300,-4.15169620513916,243.962646484375,-234.37396240234375,-241.44200134277344,3.2403807640075684
23350,-4.009122848510742,241.68258666992188,-235.03933715820312,-241.6979522705078,2.943880081176758
23400,-4.347451210021973,241.21664428710938,-237.40472412109375,-243.73484802246094,2.202969551086426
23450,-4.707833290100098,243.51693725585938,-234.05020141601562,-241.66897583007812,3.2343788146972656
23500,-5.009537696838379,242.77186584472656,-234.6068878173828,-242.11927795410156,2.780947208404541
23550,-4.49057674407959,245.38400268554688,-235.32566833496094,-242.517578125,3.001481533050537
23600,-4.813216209411621,243.36636352539062,-236.22018432617188,-242.8977508544922,2.071500301361084
23650,-5.226011276245117,244.11776733398438,-235.4002685546875,-242.92478942871094,2.5538997650146484
23700,-4.814939498901367,243.58538818359375,-236.03993225097656,-243.07630920410156,2.468263626098633
23750,-4.318790435791016,244.72708129882812,-238.83758544921875,-245.292724609375,2.373721122741699
23800,-4.841961860656738,244.06588745117188,-239.54322814941406,-245.98220825195312,1.7744649648666382
23850,-4.5978288650512695,244.60671997070312,-233.72662353515625,-242.251953125,4.363889694213867
23900,-4.839120864868164,243.64065551757812,-238.9986572265625,-246.03097534179688,2.4368858337402344
23950,-4.761621475219727,242.7249298095703,-237.99928283691406,-244.47573852539062,1.9053716659545898
24000,-4.594369888305664,244.7421875,-233.3935546875,-241.99447631835938,4.451724052429199
24050,-4.5897979736328125,245.53085327148438,-235.85838317871094,-242.8983154296875,2.7223711013793945
24100,-3.6428661346435547,243.70565795898438,-240.42315673828125,-245.84036254882812,1.9714884757995605
24150,-4.7291693687438965,247.14833068847656,-233.38243103027344,-242.22006225585938,4.564957618713379
24200,-4.505054473876953,247.2704620361328,-238.2870330810547,-245.26837158203125,2.7514266967773438
24250,-4.182865142822266,244.92709350585938,-238.1357421875,-244.6470489501953,2.587157726287842
24300,-4.626687526702881,242.22328186035156,-238.64804077148438,-244.99935913085938,1.9162564277648926
24350,-4.499299049377441,246.00344848632812,-239.3947296142578,-245.82720947265625,2.1479790210723877
24400,-4.788456916809082,245.72732543945312,-238.71542358398438,-245.50636291503906,2.224980354309082
24450,-4.552606582641602,246.0474395751953,-238.20909118652344,-244.43634033203125,1.860714316368103
24500,-4.378308296203613,246.5308074951172,-238.97573852539062,-246.12606811523438,3.0800235271453857
24550,-4.184012413024902,246.4990234375,-238.95404052734375,-245.33541870117188,2.4415173530578613
24600,-5.4908246994018555,246.62799072265625,-239.6818084716797,-247.1244659423828,2.1687028408050537
24650,-4.862730503082275,247.07464599609375,-239.04153442382812,-246.3927001953125,2.764928102493286
24700,-5.475371360778809,246.76580810546875,-238.57168579101562,-246.64288330078125,2.884251117706299
24750,-5.224156379699707,244.72439575195312,-239.86898803710938,-246.872802734375,1.9773980379104614
24800,-4.45579719543457,247.5386505126953,-239.318359375,-246.3599853515625,2.873143196105957
24850,-5.126357078552246,248.27442932128906,-239.58303833007812,-246.9135284423828,2.4490370750427246
24900,-4.902069091796875,248.15615844726562,-241.31039428710938,-248.357421875,2.3832876682281494
24950,-4.352139472961426,246.36761474609375,-241.9384002685547,-247.8116455078125,1.690117597579956
25000,-4.63703727722168,248.23773193359375,-240.00274658203125,-247.1092071533203,2.7438037395477295
25050,-4.769506454467773,248.82315063476562,-240.953369140625,-248.1014404296875,2.642850160598755
25100,-4.43383264541626,248.77276611328125,-243.99559020996094,-249.80819702148438,1.5319713354110718
25150,-4.830170631408691,247.62744140625,-241.2987060546875,-248.28482055664062,2.395493507385254
25200,-4.721373558044434,248.49960327148438,-240.75514221191406,-247.6995391845703,2.4700262546539307
25250,-4.602909564971924,247.7564239501953,-242.38888549804688,-249.4742431640625,2.7582757472991943
25300,-4.55264139175415,249.34677124023438,-243.1826171875,-250.005859375,2.5228898525238037
25350,-4.8689165115356445,247.25079345703125,-242.95445251464844,-249.39683532714844,1.7482962608337402
25400,-5.202269554138184,251.17025756835938,-244.45462036132812,-251.52835083007812,2.0794010162353516
25450,-3.766340732574463,249.30514526367188,-246.159423828125,-251.48883056640625,1.736740231513977
25500,-4.895969390869141,250.39154052734375,-240.539306640625,-248.025390625,2.8779053688049316
25550,-4.101357460021973,250.138671875,-243.29666137695312,-249.7921142578125,2.6601064205169678
25600,-5.543028354644775,249.48818969726562,-241.51654052734375,-249.57345581054688,2.7932076454162598
25650,-3.9799718856811523,249.54473876953125,-245.7606964111328,-251.36380004882812,1.8034796714782715
25700,-4.368764400482178,251.77963256835938,-244.106201171875,-251.5308837890625,3.3954646587371826
25750,-4.892199516296387,251.2753448486328,-242.17208862304688,-250.26010131835938,3.5509033203125
25800,-4.786636829376221,251.281982421875,-244.5242462158203,-251.83560180664062,2.8052430152893066
25850,-4.754693031311035,251.66696166992188,-244.1440887451172,-251.69760131835938,3.109799385070801
25900,-4.618284225463867,250.44485473632812,-244.33212280273438,-250.7453155517578,1.9943429231643677
25950,-3.8024754524230957,251.36410522460938,-242.87965393066406,-249.4217529296875,3.0440263748168945
26000,-4.722264766693115,253.79592895507812,-245.49533081054688,-253.32150268554688,3.4487857818603516
26050,-3.6933088302612305,250.30526733398438,-247.61581420898438,-252.39520263671875,1.20675528049469
26100,-4.452779769897461,252.2355499267578,-244.91104125976562,-252.3369598388672,3.30348801612854
26150,-3.832282781600952,252.70338439941406,-244.5328369140625,-250.73751831054688,2.635998487472534
26200,-3.8734097480773926,251.499267578125,-247.8776092529297,-253.30194091796875,1.7232465744018555
26250,-5.105408668518066,252.2444305419922,-245.38040161132812,-252.7452392578125,2.510476589202881
26300,-4.40397834777832,252.12405395507812,-246.87083435058594,-253.276123046875,2.2236783504486084
26350,-4.928755760192871,254.6699676513672,-246.7086181640625,-254.259765625,2.913769006729126
26400,-5.007707595825195,255.57666015625,-244.7832489013672,-253.0296173095703,3.5985124111175537
26450,-4.54871940612793,253.6613311767578,-247.3392333984375,-254.14483642578125,2.5076487064361572
26500,-4.510522842407227,255.60694885253906,-248.04388427734375,-254.95498657226562,2.6673107147216797
26550,-4.528467655181885,252.9925537109375,-248.8717498779297,-254.95040893554688,1.7224347591400146
26600,-4.297397613525391,255.7379150390625,-245.5874481201172,-253.40594482421875,3.91233229637146
26650,-4.451517105102539,255.5699462890625,-245.1239776611328,-252.5643310546875,3.320929527282715
26700,-4.4348931312561035,257.5294494628906,-245.15350341796875,-253.47589111328125,4.319438457489014
26750,-4.143922328948975,254.02076721191406,-248.80020141601562,-254.68882751464844,1.938559651374817
26800,-4.761693000793457,253.5975799560547,-249.1960906982422,-255.42605590820312,1.6314139366149902
26850,-4.396790504455566,253.24168395996094,-250.3673553466797,-256.5556640625,1.9905757904052734
26900,-3.8842625617980957,257.0566101074219,-247.04159545898438,-254.23597717285156,3.677910327911377
26950,-4.3428850173950195,256.2798156738281,-247.68295288085938,-254.48458862304688,2.731945037841797
27000,-4.590946197509766,256.26763916015625,-248.17091369628906,-254.86932373046875,2.3416261672973633
27050,-4.480799198150635,254.96714782714844,-249.08177185058594,-255.52593994140625,2.18152117729187
27100,-4.4201273918151855,254.42137145996094,-249.86190795898438,-255.71539306640625,1.5926198959350586
27150,-4.388766288757324,255.71133422851562,-250.0081329345703,-256.12286376953125,1.9177381992340088
27200,-4.521527290344238,256.77288818359375,-249.86227416992188,-256.6615905761719,2.530877113342285
27250,-4.856412887573242,256.43023681640625,-249.5281982421875,-256.668701171875,2.5378780364990234
27300,-3.8533952236175537,257.1328125,-248.556640625,-256.0960693359375,4.095592975616455
27350,-4.565267562866211,257.77581787109375,-250.88247680664062,-257.4164733886719,2.187476634979248
27400,-4.217106819152832,257.464599609375,-250.55531311035156,-257.34716796875,2.8608312606811523
27450,-3.850372791290283,257.48486328125,-246.544921875,-255.1851043701172,5.3220109939575195
27500,-4.339959621429443,257.7933044433594,-249.82452392578125,-256.53460693359375,2.6334705352783203
27550,-3.8677115440368652,256.09735107421875,-254.6689910888672,-260.369873046875,2.036856174468994
27600,-4.1960296630859375,257.48419189453125,-251.5635986328125,-258.1579895019531,2.6648454666137695
27650,-5.221386432647705,257.365234375,-249.64224243164062,-257.4507751464844,2.8746070861816406
27700,-4.228084564208984,256.5539855957031,-252.42404174804688,-258.4790344238281,2.029898166656494
27750,-4.670145034790039,259.0267028808594,-249.5235595703125,-256.6407470703125,2.7189364433288574
27800,-4.678950309753418,259.91973876953125,-250.5231475830078,-258.0008239746094,3.1096956729888916
27850,-4.750738143920898,258.08978271484375,-250.461181640625,-257.44598388671875,2.482293128967285
27900,-4.43673849105835,258.8896484375,-249.7419891357422,-256.9133605957031,3.0384812355041504
27950,-4.939273834228516,259.1361389160156,-252.8605499267578,-260.40789794921875,2.897860527038574
28000,-4.789395332336426,259.3838806152344,-252.16004943847656,-259.17547607421875,2.4733684062957764
28050,-5.410412788391113,259.08172607421875,-253.37591552734375,-260.923095703125,2.374185800552368
28100,-4.5553154945373535,260.1544189453125,-251.73895263671875,-258.36212158203125,2.2976150512695312
28150,-4.595605850219727,257.5576477050781,-252.9595184326172,-259.5813903808594,2.251406669616699
28200,-4.546601295471191,261.56964111328125,-250.11288452148438,-258.45574951171875,4.2180705070495605
28250,-4.195371150970459,258.4786071777344,-255.37539672851562,-261.27130126953125,1.8894814252853394
28300,-4.734501361846924,260.180419921875,-254.92507934570312,-261.8278503417969,2.4091885089874268
28350,-4.940202713012695,260.87738037109375,-251.59573364257812,-258.97003173828125,2.704550266265869
28400,-4.664343357086182,260.76251220703125,-251.9488067626953,-259.8436279296875,3.5894198417663574
28450,-4.25565767288208,261.05596923828125,-252.65728759765625,-259.9634094238281,3.389404773712158
28500,-3.8633079528808594,263.0035095214844,-251.97201538085938,-259.7804260253906,4.383447647094727
28550,-4.864327430725098,260.1017150878906,-256.45684814453125,-262.7178649902344,1.5518772602081299
28600,-5.259665489196777,263.6192626953125,-254.73948669433594,-262.46771240234375,2.742845058441162
28650,-5.058380603790283,263.4261474609375,-253.40968322753906,-261.2534484863281,3.094871997833252
28700,-5.108231544494629,262.22503662109375,-253.7694091796875,-260.9751892089844,2.3306095600128174
28750,-4.141546249389648,262.566162109375,-254.95574951171875,-261.765380859375,2.9645392894744873
28800,-4.469460964202881,263.72357177734375,-254.20591735839844,-261.6900939941406,3.349684238433838
28850,-4.306056022644043,261.6526794433594,-257.11859130859375,-262.761962890625,1.4859063625335693
28900,-4.340024948120117,261.4806823730469,-255.7313995361328,-262.0201721191406,2.1652753353118896
28950,-4.4746012687683105,263.6362609863281,-254.67626953125,-262.266845703125,3.4621944427490234
29000,-4.596248626708984,262.18743896484375,-255.525146484375,-261.94659423828125,2.0279994010925293
29050,-4.537842750549316,264.893310546875,-253.56906127929688,-261.19268798828125,3.4286489486694336
29100,-4.327890396118164,263.39453125,-260.281494140625,-265.64227294921875,1.1476536989212036
29150,-4.731534957885742,263.27166748046875,-256.65850830078125,-263.38555908203125,2.2172398567199707
29200,-4.8746137619018555,263.6496276855469,-259.73138427734375,-265.8849182128906,1.4210221767425537
29250,-4.853999137878418,265.173583984375,-254.24761962890625,-262.59832763671875,3.8852319717407227
29300,-5.097170829772949,261.6531677246094,-257.3734130859375,-264.0420837402344,1.7461111545562744
29350,-4.49387264251709,264.7069091796875,-255.77455139160156,-262.8747863769531,2.895958423614502
29400,-4.315996170043945,264.0408020019531,-261.4912109375,-267.4378356933594,1.8118094205856323
29450,-4.850254058837891,266.9847412109375,-256.60699462890625,-264.1222229003906,2.9610822200775146
29500,-4.281587600708008,266.0760192871094,-255.57257080078125,-263.2701416015625,3.795536994934082
29550,-5.357873439788818,266.17791748046875,-258.397705078125,-265.90057373046875,2.3833279609680176
29600,-5.109147071838379,265.56280517578125,-256.10845947265625,-263.843994140625,2.918208122253418
29650,-4.6264190673828125,265.1811218261719,-257.75482177734375,-264.36279296875,2.2017245292663574
29700,-5.569700717926025,267.20709228515625,-257.6716613769531,-265.3430480957031,2.3352067470550537
29750,-4.51076602935791,264.5486145019531,-260.49298095703125,-266.8176574707031,2.015455961227417
29800,-4.1663713455200195,267.4483337402344,-255.57107543945312,-262.61798095703125,3.2005932331085205
29850,-4.321954727172852,264.89166259765625,-260.7118835449219,-266.65985107421875,1.8066809177398682
29900,-3.6068308353424072,267.689697265625,-258.9225158691406,-265.5549011230469,3.361727237701416
29950,-4.830811977386475,266.4140319824219,-259.8600158691406,-267.48516845703125,3.104822874069214
30000,-4.858107089996338,267.6426086425781,-257.25604248046875,-264.87884521484375,3.0718841552734375
